2004635208,70.00,26.00,3.96,-285.90,414.58,-127.00,0.00,0.00
2004635213,70.00,26.00,2.76,-161.81,256.28,-127.00,0.00,0.00
2004635218,69.00,26.00,2.59,-155.41,247.80,-127.00,0.00,0.00
2004635223,69.00,26.00,2.63,-170.88,268.17,-127.00,0.00,0.00
2004635228,69.00,26.00,2.79,-165.69,261.37,-127.00,0.00,0.00
2004635233,69.00,26.00,2.63,-160.53,254.58,-127.00,0.00,0.00
2004635238,69.00,26.00,2.65,-173.49,271.57,-127.00,0.00,0.00
2004635243,69.00,26.00,2.77,-166.98,263.07,-127.00,0.00,0.00
2004635248,68.00,26.00,2.73,-174.80,273.27,-127.00,0.00,0.00
2004635253,67.00,26.00,2.63,-181.38,281.80,-127.00,0.00,0.00
2004635258,67.00,26.00,2.65,-182.70,283.51,-127.00,0.00,0.00
2004635263,67.00,26.00,2.64,-180.06,280.09,-127.00,0.00,0.00
2004635268,67.00,26.00,2.65,-181.38,281.80,-127.002004635269,67.00,26.00,2.65,-181.38,281.80,-127.00,0.00,0.00
2004635274,68.00,26.00,2.66,-182.70,283.51,-127.00,0.00,0.00
2004635279,68.00,26.00,2.64,-180.06,280.09,-127.00,0.00,0.00
2004635284,68.00,26.00,2.64,-181.38,281.80,-127.00,0.00,0.00
2004635289,68.00,26.00,2.66,-181.38,281.80,-127.00,0.00,0.00
2004635294,68.00,26.00,2.64,-181.38,281.80,-127.00,0.00,0.00
2004635299,67.00,26.00,2.67,-184.03,285.22,-127.00,0.00,0.00
2004635304,67.00,26.00,2.68,-184.03,285.22,-127.00,0.00,0.00
2004635309,68.00,26.00,2.57,-176.11,274.98,-127.00,0.00,0.00
2004635314,68.00,26.00,2.56,-174.80,273.27,-127.00,0.00,0.00
2004635319,68.00,26.00,2.55,-174.80,273.27,-127.00,0.00,0.00
2004635324,68.00,26.00,2.20,-149.05,239.33,-127.00,0.00,0.00
2004635329,68.00,26.00,2.55,-174.80,273.27,-127.00,0.00,0.00
2004635334,68.00,26.00,2.54,-172.19,269.87,-127.002004635335,68.00,26.00,2.46,-166.98,263.07,-127.00,0.00,0.00
2004635340,68.00,26.00,2.57,-176.11,274.98,-127.00,0.00,0.00
2004635345,68.00,26.00,2.52,-170.88,268.17,-127.00,0.00,0.00
2004635350,68.00,26.00,2.57,-174.80,273.27,-127.00,0.00,0.00
2004635355,68.00,26.00,2.54,-173.49,271.57,-127.00,0.00,0.00
2004635360,68.00,26.00,2.53,-172.19,269.87,-127.00,0.00,0.00
2004635365,68.00,26.00,2.58,-176.11,274.98,-127.00,0.00,0.00
2004635370,68.00,26.00,2.59,-177.43,276.68,-127.00,0.00,0.00
2004635375,68.00,26.00,2.58,-177.43,276.68,-127.00,0.00,0.00
2004635380,68.00,26.00,2.57,-174.80,273.27,-127.00,0.00,0.00
2004635385,68.00,26.00,2.55,-174.80,273.27,-127.00,0.00,0.00
2004635390,68.00,26.00,2.55,-174.80,273.27,-127.00,0.00,0.00
2004635395,68.00,26.00,2.56,-174.80,273.27,-127.00,0.00,0.00
2004635400,68.00,26.00,2.56,-174.80,273.27,-127.002004635400,68.00,26.00,2.51,-170.88,268.17,-127.00,0.00,0.00
2004635405,68.00,26.00,2.55,-174.80,273.27,-127.00,0.00,0.00
2004635410,68.00,26.00,2.56,-174.80,273.27,-127.00,0.00,0.00
2004635415,67.00,26.00,2.56,-174.80,273.27,-127.00,0.00,0.00
2004635420,68.00,26.00,2.57,-174.80,273.27,-127.00,0.00,0.00
2004635425,68.00,26.00,2.55,-174.80,273.27,-127.00,0.00,0.00
2004635430,68.00,26.00,2.57,-176.11,274.98,-127.00,0.00,0.00
2004635435,69.00,26.00,2.55,-173.49,271.57,-127.00,0.00,0.00
2004635440,69.00,26.00,2.55,-173.49,271.57,-127.00,0.00,0.00
2004635445,68.00,26.00,2.56,-174.80,273.27,-127.00,0.00,0.00
2004635450,68.00,26.00,2.56,-174.80,273.27,-127.00,0.00,0.00
2004635455,67.00,26.00,2.55,-172.19,269.87,-127.00,0.00,0.00
2004635460,67.00,26.00,2.57,-176.11,274.98,-127.00,0.00,0.00
2004635465,67.00,26.00,2.57,-173.49,271.57,-127.002004635466,67.00,26.00,2.49,-170.88,268.17,-127.00,0.00,0.00
2004635471,67.00,26.00,2.55,-172.19,269.87,-127.00,0.00,0.00
2004635476,68.00,26.00,2.54,-173.49,271.57,-127.00,0.00,0.00
2004635481,68.00,26.00,2.54,-172.19,269.87,-127.00,0.00,0.00
2004635486,69.00,26.00,2.54,-173.49,271.57,-127.00,0.00,0.00
2004635491,69.00,26.00,2.55,-174.80,273.27,-127.00,0.00,0.00
2004635496,69.00,26.00,2.56,-173.49,271.57,-127.00,0.00,0.00
2004635501,70.00,26.00,2.53,-172.19,269.87,-127.00,0.00,0.00
2004635506,70.00,26.00,2.54,-173.49,271.57,-127.00,0.00,0.00
2004635511,70.00,26.00,2.55,-173.49,271.57,-127.00,0.00,0.00
2004635516,70.00,26.00,2.54,-173.49,271.57,-127.00,0.00,0.00
2004635521,70.00,26.00,2.54,-173.49,271.57,-127.00,0.00,0.00
2004635526,70.00,26.00,2.56,-173.49,271.57,-127.00,0.00,0.00
2004635531,70.00,26.00,2.53,-173.49,271.57,-127.002004635531,70.00,26.00,2.46,-165.69,261.37,-127.00,0.00,0.00
2004635536,70.00,26.00,2.57,-174.80,273.27,-127.00,0.00,0.00
2004635541,70.00,26.00,2.56,-174.80,273.27,-127.00,0.00,0.00
2004635546,70.00,25.00,2.55,-173.49,271.57,-127.00,0.00,0.00
2004635551,70.00,26.00,2.55,-172.19,269.87,-127.00,0.00,0.00
2004635557,70.00,25.00,2.53,-172.19,269.87,-127.00,0.00,0.00
2004635562,70.00,26.00,2.57,-174.80,273.27,-127.00,0.00,0.00
2004635567,69.00,25.00,2.55,-174.80,273.27,-127.00,0.00,0.00
2004635572,69.00,26.00,2.57,-176.11,274.98,-127.00,0.00,0.00
2004635577,69.00,26.00,2.59,-178.74,278.39,-127.00,0.00,0.00
2004635582,69.00,26.00,2.58,-177.43,276.68,-127.00,0.00,0.00
2004635587,68.00,26.00,2.58,-174.80,273.27,-127.00,0.00,0.00
2004635592,68.00,26.00,2.61,-178.74,278.39,-127.00,0.00,0.00
2004635597,68.00,26.00,2.58,-177.43,276.68,-127.002004635597,68.00,26.00,2.50,-170.88,268.17,-127.00,0.00,0.00
2004635602,68.00,26.00,2.59,-177.43,276.68,-127.00,0.00,0.00
2004635607,67.00,26.00,2.58,-177.43,276.68,-127.00,0.00,0.00
2004635612,67.00,26.00,2.59,-174.80,273.27,-127.00,0.00,0.00
2004635617,67.00,26.00,2.60,-177.43,276.68,-127.00,0.00,0.00
2004635622,67.00,26.00,2.58,-176.11,274.98,-127.00,0.00,0.00
2004635627,66.00,26.00,2.59,-177.43,276.68,-127.00,0.00,0.00
2004635632,66.00,26.00,2.61,-177.43,276.68,-127.00,0.00,0.00
2004635637,66.00,26.00,2.60,-177.43,276.68,-127.00,0.00,0.00
2004635642,66.00,26.00,2.60,-177.43,276.68,-127.00,0.00,0.00
2004635647,66.00,26.00,2.62,-178.74,278.39,-127.00,0.00,0.00
2004635652,65.00,26.00,2.58,-174.80,273.27,-127.00,0.00,0.00
2004635657,65.00,26.00,2.58,-176.11,274.98,-127.00,0.00,0.00
2004635662,65.00,26.00,2.59,-178.74,278.39,-127.002004635663,65.00,26.00,2.50,-170.88,268.17,-127.00,0.00,0.00
2004635668,65.00,26.00,2.59,-177.43,276.68,-127.00,0.00,0.00
2004635673,65.00,26.00,2.58,-176.11,274.98,-127.00,0.00,0.00
2004635678,65.00,26.00,2.59,-177.43,276.68,-127.00,0.00,0.00
2004635683,65.00,26.00,2.60,-176.11,274.98,-127.00,0.00,0.00
2004635688,65.00,26.00,2.59,-177.43,276.68,-127.00,0.00,0.00
2004635693,65.00,26.00,2.81,-190.69,293.79,-127.00,0.00,0.00
2004635698,65.00,26.00,2.35,-160.53,254.58,-127.00,0.00,0.00
2004635703,65.00,26.00,2.59,-177.43,276.68,-127.00,0.00,0.00
2004635708,65.00,26.00,2.60,-178.74,278.39,-127.00,0.00,0.00
2004635713,65.00,26.00,2.61,-178.74,278.39,-127.00,0.00,0.00
2004688991,83.00,27.00,0.00,0.00,0.00,28.56,0.00,0.00
2004688996,83.00,27.00,4.37,0.00,0.00,28.50,0.00,0.00
2004689001,84.00,27.00,4.37,0.00,0.00,28.44,0.00,0.00
2004689012,83.00,27.00,3.16,0.00,0.00,28.19,0.00,0.00
2004689017,83.00,27.00,4.42,0.00,0.00,28.13,0.00,0.00
2004689022,83.00,27.00,4.43,0.00,0.00,28.00,0.00,0.00
2004689027,83.00,27.00,4.44,0.00,0.00,27.94,0.00,0.00
2004689032,83.00,27.00,4.50,0.00,0.00,27.81,0.00,0.00
2004689037,83.00,27.00,4.46,0.00,0.00,27.69,0.00,0.00
2004689042,83.00,27.00,4.51,0.00,0.00,27.50,0.00,0.00
2004689047,83.00,27.00,4.50,0.00,0.00,27.38,0.00,0.00
2004689052,83.00,27.00,4.49,0.00,0.00,27.19,0.00,0.00
2004689057,83.00,27.00,4.47,0.00,0.00,27.13,0.00,0.00
2004689062,83.00,27.00,4.45,0.00,0.00,27.00,0.00,0.00
2004689067,83.00,27.00,4.45,0.00,0.00,26.88,0.00,0.00
2004689072,82.00,27.00,4.47,0.00,0.00,26.752004689073,82.00,27.00,4.47,0.00,0.00,26.69,0.00,0.00
2004689078,82.00,27.00,4.45,0.00,0.00,26.75,0.00,0.00
2004689083,82.00,27.00,4.45,0.00,0.00,26.81,0.00,0.00
2004689088,82.00,27.00,4.47,0.00,0.00,26.88,0.00,0.00
2004689093,81.00,27.00,4.47,0.00,0.00,27.00,0.00,0.00
2004689098,81.00,28.00,4.47,0.00,0.00,27.06,0.00,0.00
2004689103,80.00,28.00,4.47,0.00,0.00,27.13,0.00,0.00
2004689108,80.00,28.00,4.47,0.00,0.00,27.19,0.00,0.00
2004689113,80.00,28.00,4.48,0.00,0.00,27.25,0.00,0.00
2004689118,79.00,28.00,4.47,0.00,0.00,27.13,0.00,0.00
2004689123,79.00,28.00,4.48,0.00,0.00,26.94,0.00,0.00
2004689128,79.00,28.00,4.50,60.03,62.19,26.88,0.00,0.00
2004689133,78.00,28.00,4.48,59.96,62.19,26.94,0.00,0.00
2004689138,78.00,28.00,4.49,59.89,62.19,27.002004689138,78.00,28.00,4.50,61.75,64.11,27.00,0.00,0.00
2004689143,78.00,28.00,4.23,50.55,52.50,27.00,0.00,0.00
2004689148,77.00,28.00,4.53,48.66,50.55,27.00,0.00,0.00
2004689153,77.00,28.00,4.60,48.66,50.55,27.00,0.00,0.00
2004689158,77.00,28.00,4.65,48.66,50.55,27.00,0.00,0.00
2004689163,77.00,28.00,4.70,48.66,50.55,27.00,0.00,0.00
2004689168,76.00,28.00,4.74,50.55,52.50,27.00,0.00,0.00
2004689173,76.00,28.00,4.73,27.64,28.73,27.00,0.00,0.00
2004689178,75.00,28.00,4.76,48.66,50.55,27.00,0.00,0.00
2004689183,75.00,28.00,4.78,48.66,50.55,27.00,0.00,0.00
2004689188,75.00,29.00,4.81,50.55,52.50,27.00,0.00,0.00
2004689193,75.00,29.00,4.82,50.55,52.50,27.00,0.00,0.00
2004689198,75.00,29.00,4.82,48.66,50.55,27.00,0.00,0.00
2004689203,75.00,29.00,4.82,48.66,50.55,27.00,0.00,0.00
2004689204,75.00,29.00,4.83,27.64,28.73,27.00,0.00,0.00
2004689209,74.00,29.00,4.82,17.89,18.60,27.00,0.00,0.00
2004689214,74.00,29.00,4.82,50.49,52.50,27.06,0.00,0.00
2004689219,74.00,29.00,4.83,50.55,52.50,27.00,0.00,0.00
2004689224,74.00,29.00,4.83,6.01,6.25,27.00,0.00,0.00
2004689229,74.00,29.00,4.83,6.01,6.25,27.00,0.00,0.00
2004689234,74.00,29.00,4.84,50.55,52.50,27.00,0.00,0.00
2004689239,74.00,29.00,4.81,6.04,6.25,26.75,0.00,0.00
2004689244,74.00,29.00,4.81,50.66,52.50,26.88,0.00,0.00
2004689249,73.00,29.00,4.85,50.60,52.50,26.94,0.00,0.00
2004689254,73.00,29.00,4.85,17.96,18.60,26.81,0.00,0.00
2004689259,73.00,29.00,4.85,2.02,2.09,26.75,0.00,0.00
2004689264,73.00,29.00,4.86,0.00,0.00,26.75,0.00,0.00
2004689269,73.00,29.00,4.95,0.00,0.00,26.312004689270,73.00,29.00,4.95,0.00,0.00,26.25,0.00,0.00
2004689275,72.00,29.00,4.93,0.00,0.00,26.44,0.00,0.00
2004689280,72.00,29.00,4.82,50.96,52.50,26.56,0.00,0.00
2004689285,72.00,29.00,4.85,50.72,52.50,26.81,0.00,0.00
2004689290,72.00,29.00,4.84,50.60,52.50,26.94,0.00,0.00
2004689295,72.00,29.00,4.84,50.55,52.50,27.00,0.00,0.00
2004689300,71.00,29.00,4.84,50.55,52.50,27.00,0.00,0.00
2004689305,71.00,29.00,4.84,50.55,52.50,27.00,0.00,0.00
2004689310,71.00,29.00,4.84,50.49,52.50,27.06,0.00,0.00
2004689315,71.00,29.00,4.85,50.49,52.50,27.06,0.00,0.00
2004689320,71.00,30.00,4.86,50.49,52.50,27.06,0.00,0.00
2004689325,71.00,30.00,4.88,50.55,52.50,27.00,0.00,0.00
2004689330,71.00,30.00,4.86,50.55,52.50,27.00,0.00,0.00
2004689335,70.00,30.00,4.85,50.55,52.50,27.00,0.00,0.00
2004689340,70.00,30.00,4.86,50.55,52.50,27.00,0.00,0.00
2004689345,70.00,30.00,4.87,50.55,52.50,27.00,0.00,0.00
2004689350,70.00,30.00,4.88,50.55,52.50,27.00,0.00,0.00
2004689355,70.00,30.00,4.86,50.55,52.50,27.00,0.00,0.00
2004689360,69.00,30.00,4.86,50.55,52.50,27.00,0.00,0.00
2004689365,68.00,30.00,4.94,59.89,62.19,27.00,0.00,0.00
2004689370,67.00,30.00,4.85,50.55,52.50,27.00,0.00,0.00
2004689375,66.00,30.00,4.86,50.55,52.50,27.00,0.00,0.00
2004689380,66.00,30.00,4.86,50.55,52.50,27.00,0.00,0.00
2004689385,65.00,30.00,4.86,50.55,52.50,27.00,0.00,0.00
2004689390,65.00,30.00,4.86,48.66,50.55,27.00,0.00,0.00
2004689395,64.00,30.00,4.87,50.55,52.50,27.00,0.00,0.00
2004689400,64.00,30.00,4.85,50.55,52.50,27.002004689401,64.00,30.00,4.85,50.55,52.50,27.00,0.00,0.00
2004689406,64.00,30.00,4.86,50.55,52.50,27.00,0.00,0.00
2004689411,64.00,30.00,4.86,50.55,52.50,27.00,0.00,0.00
2004689415,63.00,30.00,4.86,50.55,52.50,27.00,0.00,0.00
2004689420,63.00,30.00,4.86,50.55,52.50,27.00,0.00,0.00
2004689425,63.00,30.00,4.86,50.55,52.50,27.00,0.00,0.00
2004689430,63.00,30.00,4.87,50.55,52.50,27.00,0.00,0.00
2004689435,63.00,30.00,4.89,48.66,50.55,27.00,0.00,0.00
2004689440,63.00,30.00,4.88,48.66,50.55,27.00,0.00,0.00
2004689445,63.00,30.00,4.86,50.55,52.50,27.00,0.00,0.00
2004689450,63.00,30.00,4.84,50.55,52.50,27.00,0.00,0.00
2004689455,63.00,30.00,4.85,15.91,16.55,27.06,0.00,0.00
2004689460,62.00,30.00,4.81,50.49,52.50,27.06,0.00,0.00
2004689465,62.00,30.00,4.81,23.73,24.69,27.06,0.00,0.00
2004689467,62.00,30.00,4.81,6.01,6.25,27.06,0.00,0.00
2004689472,61.00,30.00,4.81,44.83,46.63,27.06,0.00,0.00
2004689477,61.00,30.00,4.81,6.01,6.25,27.00,0.00,0.00
2004689482,61.00,30.00,4.84,21.81,22.67,27.00,0.00,0.00
2004689487,61.00,30.00,4.81,50.49,52.50,27.06,0.00,0.00
2004689492,61.00,30.00,4.82,54.30,56.39,27.00,0.00,0.00
2004689497,61.00,30.00,4.82,52.42,54.45,27.00,0.00,0.00
2004689502,62.00,30.00,4.81,35.36,36.74,27.00,0.00,0.00
2004689507,62.00,30.00,4.79,37.27,38.72,27.00,0.00,0.00
2004689512,62.00,30.00,4.79,52.36,54.45,27.06,0.00,0.00
2004689517,62.00,30.00,4.79,52.36,54.45,27.06,0.00,0.00
2004689522,63.00,30.00,4.78,50.49,52.50,27.06,0.00,0.00
2004689527,63.00,30.00,4.78,52.36,54.45,27.06,0.00,0.00
2004689532,63.00,30.00,4.78,50.49,52.50,27.062004689533,63.00,30.00,4.78,50.49,52.50,27.06,0.00,0.00
2004689538,63.00,30.00,4.78,50.49,52.50,27.06,0.00,0.00
2004689543,62.00,30.00,4.77,50.49,52.50,27.06,0.00,0.00
2004689548,62.00,30.00,4.77,50.49,52.50,27.06,0.00,0.00
2004689553,62.00,30.00,4.78,48.61,50.55,27.06,0.00,0.00
2004689558,62.00,30.00,4.77,48.61,50.55,27.06,0.00,0.00
2004689563,62.00,30.00,4.79,48.61,50.55,27.06,0.00,0.00
2004689568,62.00,30.00,4.80,50.49,52.50,27.06,0.00,0.00
2004689573,62.00,31.00,4.78,48.61,50.55,27.06,0.00,0.00
2004689578,62.00,31.00,4.77,41.04,42.68,27.06,0.00,0.00
2004689583,62.00,31.00,4.77,46.72,48.59,27.06,0.00,0.00
2004689588,62.00,31.00,4.77,46.72,48.59,27.06,0.00,0.00
2004689593,62.00,31.00,4.77,44.83,46.63,27.06,0.00,0.00
2004689598,62.00,31.00,4.78,46.72,48.59,27.06,0.00,0.00
2004689603,62.00,31.00,4.78,46.72,48.59,27.06,0.00,0.00
2004689608,61.00,31.00,4.78,46.72,48.59,27.06,0.00,0.00
2004689613,61.00,31.00,4.78,44.83,46.63,27.06,0.00,0.00
2004689618,61.00,31.00,4.78,44.83,46.63,27.06,0.00,0.00
2004689623,61.00,31.00,4.81,41.04,42.68,27.06,0.00,0.00
2004689628,61.00,32.00,4.80,19.83,20.64,27.06,0.00,0.00
2004689633,61.00,32.00,4.80,13.94,14.51,27.06,0.00,0.00
2004689638,61.00,32.00,4.79,27.58,28.73,27.13,0.00,0.00
2004689643,60.00,32.00,4.79,44.78,46.63,27.13,0.00,0.00
2004689648,60.00,32.00,4.79,44.78,46.63,27.13,0.00,0.00
2004689653,60.00,32.00,4.79,44.78,46.63,27.13,0.00,0.00
2004689658,59.00,32.00,4.79,33.36,34.74,27.13,0.00,0.00
2004689663,59.00,32.00,4.79,39.09,40.71,27.132004689663,59.00,32.00,4.79,39.09,40.71,27.13,0.00,0.00
2004689668,59.00,32.00,4.78,44.78,46.63,27.13,0.00,0.00
2004689673,58.00,32.00,4.78,44.78,46.63,27.13,0.00,0.00
2004689678,58.00,32.00,4.79,44.78,46.63,27.13,0.00,0.00
2004689683,58.00,32.00,4.79,44.78,46.63,27.13,0.00,0.00
2004689688,58.00,33.00,4.79,35.27,36.74,27.13,0.00,0.00
2004689693,57.00,33.00,4.79,44.78,46.63,27.13,0.00,0.00
2004689698,57.00,33.00,4.79,44.78,46.63,27.13,0.00,0.00
2004689703,57.00,33.00,4.79,44.73,46.63,27.19,0.00,0.00
2004689708,57.00,33.00,4.78,19.81,20.64,27.13,0.00,0.00
2004689713,57.00,33.00,4.78,40.94,42.68,27.19,0.00,0.00
2004689718,56.00,33.00,4.78,15.87,16.55,27.19,0.00,0.00
2004689724,56.00,33.00,4.78,44.68,46.63,27.25,0.00,0.00
2004689729,56.00,33.00,4.77,31.36,32.74,27.252004689729,56.00,33.00,4.77,29.44,30.74,27.25,0.00,0.00
2004689734,56.00,33.00,4.76,46.56,48.59,27.25,0.00,0.00
2004689739,55.00,33.00,4.76,44.68,46.63,27.25,0.00,0.00
2004689744,55.00,33.00,4.77,44.68,46.63,27.25,0.00,0.00
2004689749,55.00,33.00,4.77,44.62,46.63,27.31,0.00,0.00
2004689754,55.00,33.00,4.77,38.95,40.71,27.31,0.00,0.00
2004689759,55.00,33.00,4.78,31.33,32.74,27.31,0.00,0.00
2004689764,55.00,33.00,4.78,33.20,34.74,27.38,0.00,0.00
2004689769,55.00,33.00,4.78,42.74,44.66,27.31,0.00,0.00
2004689774,54.00,34.00,4.77,33.24,34.74,27.31,0.00,0.00
2004689779,54.00,34.00,4.78,42.74,44.66,27.31,0.00,0.00
2004689784,54.00,34.00,4.77,23.62,24.69,27.31,0.00,0.00
2004689789,54.00,34.00,4.77,2.00,2.09,27.38,0.00,0.00
2004689794,54.00,34.00,4.77,44.57,46.63,27.382004689795,54.00,34.00,4.77,44.57,46.63,27.38,0.00,0.00
2004689800,54.00,34.00,4.79,42.69,44.66,27.38,0.00,0.00
2004689805,53.00,34.00,4.80,42.69,44.66,27.38,0.00,0.00
2004689810,53.00,34.00,4.79,42.69,44.66,27.38,0.00,0.00
2004689815,53.00,34.00,4.79,44.62,46.63,27.31,0.00,0.00
2004689820,52.00,34.00,4.78,40.94,42.68,27.19,0.00,0.00
2004689825,52.00,34.00,4.77,40.99,42.68,27.13,0.00,0.00
2004689830,52.00,35.00,4.78,40.99,42.68,27.13,0.00,0.00
2004689835,52.00,35.00,4.82,40.94,42.68,27.19,0.00,0.00
2004689840,51.00,35.00,4.77,42.84,44.66,27.19,0.00,0.00
2004689845,51.00,35.00,4.79,50.31,52.50,27.25,0.00,0.00
2004689850,51.00,35.00,4.78,44.73,46.63,27.19,0.00,0.00
2004689855,51.00,35.00,4.79,46.67,48.59,27.13,0.00,0.00
2004689860,51.00,35.00,4.79,46.51,48.59,27.31,0.00,0.00
2004689865,51.00,35.00,4.77,42.74,44.66,27.31,0.00,0.00
2004689870,50.00,35.00,4.77,21.68,22.67,27.31,0.00,0.00
2004689875,50.00,35.00,4.78,27.48,28.73,27.31,0.00,0.00
2004689880,50.00,35.00,4.77,35.15,36.74,27.31,0.00,0.00
2004689885,50.00,35.00,4.77,21.68,22.67,27.31,0.00,0.00
2004689890,50.00,35.00,4.80,31.22,32.74,27.50,0.00,0.00
2004689895,49.00,35.00,4.79,23.54,24.69,27.50,0.00,0.00
2004689900,48.00,35.00,4.79,31.18,32.74,27.56,0.00,0.00
2004689905,48.00,35.00,4.79,31.14,32.74,27.63,0.00,0.00
2004689910,48.00,35.00,4.78,29.20,30.74,27.69,0.00,0.00
2004689915,48.00,35.00,4.79,29.17,30.74,27.75,0.00,0.00
2004689920,48.00,36.00,4.79,25.34,26.71,27.75,0.00,0.00
2004689925,48.00,36.00,4.79,13.77,14.51,27.692004689926,48.00,36.00,4.79,13.76,14.51,27.75,0.00,0.00
2004689931,47.00,36.00,4.79,27.29,28.73,27.69,0.00,0.00
2004689936,47.00,36.00,4.79,31.14,32.74,27.63,0.00,0.00
2004689941,47.00,36.00,4.79,31.18,32.74,27.56,0.00,0.00
2004689946,47.00,36.00,4.79,29.30,30.74,27.50,0.00,0.00
2004689951,47.00,36.00,4.79,21.60,22.67,27.50,0.00,0.00
2004689956,46.00,36.00,4.79,23.54,24.69,27.50,0.00,0.00
2004689961,46.00,36.00,4.79,15.77,16.55,27.50,0.00,0.00
2004689966,46.00,36.00,4.79,17.72,18.60,27.50,0.00,0.00
2004689971,46.00,36.00,4.79,31.22,32.74,27.50,0.00,0.00
2004689976,46.00,36.00,4.78,31.22,32.74,27.50,0.00,0.00
2004689981,45.00,37.00,4.78,7.94,8.32,27.44,0.00,0.00
2004689986,45.00,37.00,4.79,21.65,22.67,27.38,0.00,0.00
2004689991,45.00,37.00,4.78,23.59,24.69,27.382004689992,45.00,37.00,4.78,23.59,24.69,27.38,0.00,0.00
2004689997,45.00,37.00,4.78,21.60,22.67,27.50,0.00,0.00
2004690002,45.00,37.00,4.79,21.58,22.67,27.56,0.00,0.00
2004690007,44.00,37.00,4.78,15.76,16.55,27.56,0.00,0.00
2004690012,44.00,37.00,4.78,19.64,20.64,27.56,0.00,0.00
2004690017,43.00,37.00,4.78,21.58,22.67,27.56,0.00,0.00
2004690022,43.00,37.00,4.78,17.70,18.60,27.56,0.00,0.00
2004690027,42.00,37.00,4.79,25.46,26.71,27.50,0.00,0.00
2004690032,42.00,37.00,4.79,21.65,22.67,27.38,0.00,0.00
2004690037,42.00,37.00,4.78,23.59,24.69,27.38,0.00,0.00
2004690042,42.00,37.00,4.78,17.74,18.60,27.44,0.00,0.00
2004690047,42.00,37.00,4.78,19.67,20.64,27.50,0.00,0.00
2004690052,42.00,37.00,4.78,25.43,26.71,27.56,0.00,0.00
2004690057,42.00,37.00,4.79,9.89,10.39,27.562004690058,42.00,37.00,4.79,9.88,10.39,27.63,0.00,0.00
2004690063,42.00,37.00,4.78,21.58,22.67,27.56,0.00,0.00
2004690068,42.00,37.00,4.79,21.58,22.67,27.56,0.00,0.00
2004690073,42.00,37.00,4.79,25.46,26.71,27.50,0.00,0.00
2004690078,42.00,37.00,4.78,23.62,24.69,27.31,0.00,0.00
2004690083,42.00,37.00,4.78,23.56,24.69,27.44,0.00,0.00
2004690088,42.00,38.00,4.79,27.42,28.73,27.44,0.00,0.00
2004690093,42.00,38.00,4.78,21.60,22.67,27.50,0.00,0.00
2004690098,42.00,38.00,4.79,19.67,20.64,27.50,0.00,0.00
2004690103,42.00,38.00,4.79,19.64,20.64,27.56,0.00,0.00
2004690108,42.00,38.00,4.79,19.67,20.64,27.50,0.00,0.00
2004690113,42.00,38.00,4.78,25.49,26.71,27.44,0.00,0.00
2004690118,42.00,38.00,4.78,29.34,30.74,27.44,0.00,0.00
2004690123,42.00,38.00,4.79,19.69,20.64,27.44,0.00,0.00
2004690128,42.00,38.00,4.78,25.52,26.71,27.38,0.00,0.00
2004690133,41.00,38.00,4.79,11.89,12.45,27.38,0.00,0.00
2004690138,41.00,38.00,4.78,31.25,32.74,27.44,0.00,0.00
2004690143,41.00,38.00,4.78,23.54,24.69,27.50,0.00,0.00
2004690148,41.00,38.00,4.78,23.54,24.69,27.50,0.00,0.00
2004690153,41.00,38.00,4.79,27.39,28.73,27.50,0.00,0.00
2004690158,41.00,38.00,4.79,27.35,28.73,27.56,0.00,0.00
2004690163,41.00,38.00,4.78,19.64,20.64,27.56,0.00,0.00
2004690168,41.00,38.00,4.78,25.43,26.71,27.56,0.00,0.00
2004690173,41.00,38.00,4.78,29.24,30.74,27.63,0.00,0.00
2004690178,40.00,39.00,4.78,29.20,30.74,27.69,0.00,0.00
2004690183,40.00,39.00,4.78,23.45,24.69,27.69,0.00,0.00
2004690188,40.00,39.00,4.79,11.84,12.45,27.632004690188,40.00,39.00,4.79,13.79,14.51,27.63,0.00,0.00
2004690193,40.00,39.00,4.78,21.55,22.67,27.63,0.00,0.00
2004690198,40.00,39.00,4.78,15.74,16.55,27.63,0.00,0.00
2004690203,40.00,39.00,4.79,19.62,20.64,27.63,0.00,0.00
2004690208,39.00,39.00,4.79,3.97,4.17,27.63,0.00,0.00
2004690213,39.00,39.00,4.79,19.62,20.64,27.63,0.00,0.00
2004690218,39.00,39.00,4.79,11.84,12.45,27.63,0.00,0.00
2004690223,39.00,39.00,4.80,19.62,20.64,27.63,0.00,0.00
2004690229,38.00,39.00,4.89,23.48,24.69,27.63,0.00,0.00
2004690234,37.00,39.00,4.88,15.74,16.55,27.63,0.00,0.00
2004690239,37.00,39.00,4.87,31.14,32.74,27.63,0.00,0.00
2004690244,37.00,39.00,4.87,19.60,20.64,27.69,0.00,0.00
2004690249,37.00,40.00,4.87,21.55,22.67,27.63,0.00,0.00
2004690254,37.00,40.00,4.88,17.68,18.60,27.632004690254,37.00,40.00,4.88,17.68,18.60,27.63,0.00,0.00
2004690259,37.00,40.00,4.86,34.95,36.74,27.63,0.00,0.00
2004690264,37.00,40.00,4.86,34.95,36.74,27.63,0.00,0.00
2004690269,37.00,40.00,4.86,34.95,36.74,27.63,0.00,0.00
2004690274,37.00,40.00,4.87,27.32,28.73,27.63,0.00,0.00
2004690279,37.00,40.00,4.87,33.09,34.74,27.56,0.00,0.00
2004690284,37.00,40.00,4.87,33.09,34.74,27.56,0.00,0.00
2004690289,37.00,40.00,4.86,15.77,16.55,27.50,0.00,0.00
2004690294,37.00,40.00,4.86,25.49,26.71,27.44,0.00,0.00
2004690299,37.00,40.00,4.85,29.34,30.74,27.44,0.00,0.00
2004690304,35.00,40.00,4.84,36.97,38.72,27.44,0.00,0.00
2004690309,36.00,40.00,4.87,38.82,40.71,27.50,0.00,0.00
2004690314,36.00,40.00,4.83,36.97,38.72,27.44,0.00,0.00
2004690319,36.00,40.00,4.83,35.07,36.74,27.442004690320,36.00,40.00,4.83,35.07,36.74,27.44,0.00,0.00
2004690325,36.00,40.00,4.83,15.81,16.55,27.38,0.00,0.00
2004690330,36.00,40.00,4.83,5.97,6.25,27.38,0.00,0.00
2004690335,36.00,40.00,4.83,19.71,20.64,27.38,0.00,0.00
2004690340,36.00,40.00,4.83,31.29,32.74,27.38,0.00,0.00
2004690345,37.00,40.00,4.83,25.52,26.71,27.38,0.00,0.00
2004690350,37.00,40.00,4.83,27.45,28.73,27.38,0.00,0.00
2004690355,36.00,40.00,4.83,17.79,18.60,27.31,0.00,0.00
2004690360,36.00,40.00,4.83,31.33,32.74,27.31,0.00,0.00
2004690365,36.00,40.00,4.83,15.85,16.55,27.25,0.00,0.00
2004690370,37.00,40.00,4.83,9.95,10.39,27.25,0.00,0.00
2004690375,37.00,40.00,4.83,25.58,26.71,27.25,0.00,0.00
2004690380,37.00,40.00,4.83,13.89,14.51,27.25,0.00,0.00
2004690385,37.00,40.00,4.83,11.92,12.45,27.25,0.00,0.00
2004690390,37.00,40.00,4.83,29.48,30.74,27.19,0.00,0.00
2004690395,37.00,40.00,4.83,31.36,32.74,27.25,0.00,0.00
2004690400,37.00,40.00,4.83,31.36,32.74,27.25,0.00,0.00
2004690405,37.00,40.00,4.83,27.51,28.73,27.25,0.00,0.00
2004690410,36.00,40.00,4.83,21.71,22.67,27.25,0.00,0.00
2004690415,36.00,40.00,4.83,21.71,22.67,27.25,0.00,0.00
2004690420,36.00,40.00,4.83,9.95,10.39,27.25,0.00,0.00
2004690425,36.00,40.00,4.83,21.71,22.67,27.25,0.00,0.00
2004690430,36.00,40.00,4.83,29.44,30.74,27.25,0.00,0.00
2004690435,36.00,40.00,4.83,29.44,30.74,27.25,0.00,0.00
2004690440,36.00,40.00,4.88,33.32,34.74,27.19,0.00,0.00
2004690445,35.00,40.00,4.86,33.28,34.74,27.25,0.00,0.00
2004690450,35.00,40.00,4.85,33.28,34.74,27.252004690451,35.00,40.00,4.85,33.32,34.74,27.19,0.00,0.00
2004690456,35.00,40.00,4.86,35.19,36.74,27.25,0.00,0.00
2004690461,35.00,40.00,4.86,29.44,30.74,27.25,0.00,0.00
2004690466,35.00,40.00,4.86,27.55,28.73,27.19,0.00,0.00
2004690471,35.00,40.00,4.86,21.71,22.67,27.25,0.00,0.00
2004690476,35.00,40.00,4.86,15.85,16.55,27.25,0.00,0.00
2004690481,35.00,40.00,4.86,25.58,26.71,27.25,0.00,0.00
2004690486,35.00,40.00,4.85,25.58,26.71,27.25,0.00,0.00
2004690491,34.00,40.00,4.85,25.58,26.71,27.25,0.00,0.00
2004690496,34.00,40.00,4.84,37.10,38.72,27.25,0.00,0.00
2004690501,34.00,40.00,4.85,31.33,32.74,27.31,0.00,0.00
2004690506,34.00,40.00,4.85,37.05,38.72,27.31,0.00,0.00
2004690511,34.00,40.00,4.85,29.41,30.74,27.31,0.00,0.00
2004690516,34.00,40.00,4.85,31.36,32.74,27.252004690517,34.00,40.00,4.85,31.36,32.74,27.25,0.00,0.00
2004690522,34.00,40.00,4.86,33.24,34.74,27.31,0.00,0.00
2004690527,34.00,40.00,4.85,37.05,38.72,27.31,0.00,0.00
2004690532,34.00,40.00,4.86,39.00,40.71,27.25,0.00,0.00
2004690537,34.00,40.00,4.86,39.00,40.71,27.25,0.00,0.00
2004690542,35.00,40.00,4.85,39.04,40.71,27.19,0.00,0.00
2004690547,35.00,40.00,4.86,39.04,40.71,27.19,0.00,0.00
2004690552,35.00,40.00,4.85,39.09,40.71,27.13,0.00,0.00
2004690557,35.00,40.00,4.86,39.04,40.71,27.19,0.00,0.00
2004690562,35.00,40.00,4.85,40.94,42.68,27.19,0.00,0.00
2004690567,34.00,40.00,4.86,42.84,44.66,27.19,0.00,0.00
2004690572,34.00,40.00,4.86,42.89,44.66,27.13,0.00,0.00
2004690577,34.00,40.00,4.87,42.89,44.66,27.13,0.00,0.00
2004690582,34.00,40.00,4.86,42.84,44.66,27.192004690583,34.00,40.00,4.86,42.84,44.66,27.19,0.00,0.00
2004690588,34.00,40.00,4.85,42.84,44.66,27.19,0.00,0.00
2004690592,34.00,40.00,4.84,27.55,28.73,27.19,0.00,0.00
2004690597,34.00,40.00,4.84,42.79,44.66,27.25,0.00,0.00
2004690602,34.00,40.00,4.84,35.19,36.74,27.25,0.00,0.00
2004690607,35.00,40.00,4.84,40.90,42.68,27.25,0.00,0.00
2004690612,35.00,40.00,4.84,42.74,44.66,27.31,0.00,0.00
2004690617,35.00,40.00,4.83,42.79,44.66,27.25,0.00,0.00
2004690622,35.00,40.00,4.84,38.95,40.71,27.31,0.00,0.00
2004690627,35.00,40.00,4.83,35.15,36.74,27.31,0.00,0.00
2004690632,35.00,40.00,4.83,23.62,24.69,27.31,0.00,0.00
2004690637,35.00,40.00,4.83,21.68,22.67,27.31,0.00,0.00
2004690642,35.00,40.00,4.84,31.33,32.74,27.31,0.00,0.00
2004690648,35.00,40.00,4.83,19.74,20.64,27.31,0.00,0.00
2004690653,35.00,40.00,4.84,37.05,38.72,27.31,0.00,0.00
2004690658,35.00,40.00,4.84,33.24,34.74,27.31,0.00,0.00
2004690663,35.00,40.00,4.84,35.15,36.74,27.31,0.00,0.00
2004690668,35.00,40.00,4.84,33.24,34.74,27.31,0.00,0.00
2004690673,36.00,39.00,4.84,25.55,26.71,27.31,0.00,0.00
2004690678,35.00,39.00,4.84,37.05,38.72,27.31,0.00,0.00
2004690683,36.00,39.00,4.84,37.05,38.72,27.31,0.00,0.00
2004690688,36.00,39.00,4.84,38.95,40.71,27.31,0.00,0.00
2004690693,36.00,39.00,4.83,37.05,38.72,27.31,0.00,0.00
2004690698,37.00,39.00,4.84,38.95,40.71,27.31,0.00,0.00
2004690703,38.00,39.00,4.83,35.15,36.74,27.31,0.00,0.00
2004690708,38.00,39.00,4.84,33.24,34.74,27.31,0.00,0.00
2004690713,38.00,39.00,4.83,31.33,32.74,27.312004690714,37.00,39.00,4.84,31.29,32.74,27.38,0.00,0.00
2004690719,38.00,39.00,4.84,31.33,32.74,27.31,0.00,0.00
2004690724,37.00,38.00,4.83,31.29,32.74,27.38,0.00,0.00
2004690729,37.00,38.00,4.83,31.29,32.74,27.38,0.00,0.00
2004690734,37.00,38.00,4.83,33.20,34.74,27.38,0.00,0.00
2004690739,37.00,38.00,4.83,33.20,34.74,27.38,0.00,0.00
2004690744,38.00,38.00,4.83,31.29,32.74,27.38,0.00,0.00
2004690749,38.00,38.00,4.83,23.56,24.69,27.44,0.00,0.00
2004690754,38.00,38.00,4.83,19.69,20.64,27.44,0.00,0.00
2004690759,38.00,38.00,4.83,25.49,26.71,27.44,0.00,0.00
2004690764,38.00,38.00,4.84,23.54,24.69,27.50,0.00,0.00
2004690769,38.00,38.00,4.83,21.60,22.67,27.50,0.00,0.00
2004690774,38.00,39.00,4.84,19.67,20.64,27.50,0.00,0.00
2004690779,38.00,39.00,4.83,27.35,28.73,27.562004690779,38.00,39.00,4.83,27.35,28.73,27.56,0.00,0.00
2004690784,38.00,39.00,4.81,29.27,30.74,27.56,0.00,0.00
2004690789,38.00,39.00,4.82,31.18,32.74,27.56,0.00,0.00
2004690794,38.00,39.00,4.82,31.14,32.74,27.63,0.00,0.00
2004690799,38.00,39.00,4.81,31.14,32.74,27.63,0.00,0.00
2004690804,37.00,39.00,4.82,31.14,32.74,27.63,0.00,0.00
2004690809,37.00,39.00,4.81,31.11,32.74,27.69,0.00,0.00
2004690814,37.00,39.00,4.82,31.11,32.74,27.69,0.00,0.00
2004690819,37.00,40.00,4.81,31.11,32.74,27.69,0.00,0.00
2004690824,36.00,40.00,4.81,29.17,30.74,27.75,0.00,0.00
2004690829,36.00,40.00,4.81,29.17,30.74,27.75,0.00,0.00
2004690834,36.00,40.00,4.81,29.17,30.74,27.75,0.00,0.00
2004690839,35.00,40.00,4.82,29.17,30.74,27.75,0.00,0.00
2004690844,35.00,40.00,4.82,27.26,28.73,27.752004690845,35.00,40.00,4.82,27.26,28.73,27.75,0.00,0.00
2004690850,35.00,40.00,4.82,27.26,28.73,27.75,0.00,0.00
2004690855,34.00,40.00,4.82,27.26,28.73,27.75,0.00,0.00
2004690860,34.00,41.00,4.83,27.29,28.73,27.69,0.00,0.00
2004690865,33.00,41.00,4.83,27.26,28.73,27.75,0.00,0.00
2004690870,33.00,41.00,4.83,27.29,28.73,27.69,0.00,0.00
2004690875,33.00,41.00,4.83,27.29,28.73,27.69,0.00,0.00
2004690880,33.00,41.00,4.83,27.29,28.73,27.69,0.00,0.00
2004690885,33.00,41.00,4.83,27.29,28.73,27.69,0.00,0.00
2004690890,33.00,41.00,4.82,27.29,28.73,27.69,0.00,0.00
2004690895,33.00,41.00,4.82,15.74,16.55,27.63,0.00,0.00
2004690900,32.00,41.00,4.82,15.72,16.55,27.69,0.00,0.00
2004690905,31.00,41.00,4.82,15.72,16.55,27.69,0.00,0.00
2004690910,31.00,41.00,4.83,17.64,18.60,27.75,0.00,0.00
2004690915,31.00,41.00,4.83,17.64,18.60,27.75,0.00,0.00
2004690920,31.00,41.00,4.83,34.86,36.74,27.75,0.00,0.00
2004690925,31.00,41.00,4.83,33.01,34.74,27.69,0.00,0.00
2004690930,31.00,41.00,4.83,34.91,36.74,27.69,0.00,0.00
2004690935,31.00,41.00,4.84,36.84,38.72,27.63,0.00,0.00
2004690940,31.00,41.00,4.85,34.95,36.74,27.63,0.00,0.00
2004690945,31.00,41.00,4.86,34.99,36.74,27.56,0.00,0.00
2004690950,31.00,41.00,4.85,34.99,36.74,27.56,0.00,0.00
2004690955,31.00,42.00,4.85,15.76,16.55,27.56,0.00,0.00
2004690960,31.00,42.00,4.85,21.58,22.67,27.56,0.00,0.00
2004690965,31.00,42.00,4.85,33.09,34.74,27.56,0.00,0.00
2004690970,31.00,42.00,4.84,29.27,30.74,27.56,0.00,0.00
2004690975,31.00,42.00,4.84,36.92,38.72,27.502004690976,31.00,42.00,4.84,36.92,38.72,27.50,0.00,0.00
2004690981,31.00,42.00,4.84,38.82,40.71,27.50,0.00,0.00
2004690986,31.00,42.00,4.84,31.22,32.74,27.50,0.00,0.00
2004690991,31.00,42.00,4.85,38.82,40.71,27.50,0.00,0.00
2004690996,31.00,42.00,4.84,38.82,40.71,27.50,0.00,0.00
2004691001,31.00,42.00,4.85,33.12,34.74,27.50,0.00,0.00
2004691006,31.00,42.00,4.84,31.22,32.74,27.50,0.00,0.00
2004691011,31.00,42.00,4.84,35.03,36.74,27.50,0.00,0.00
2004691016,31.00,42.00,4.85,35.03,36.74,27.50,0.00,0.00
2004691021,31.00,42.00,4.84,31.22,32.74,27.50,0.00,0.00
2004691026,30.00,42.00,4.83,35.03,36.74,27.50,0.00,0.00
2004691031,31.00,42.00,4.83,35.03,36.74,27.50,0.00,0.00
2004691036,31.00,42.00,4.83,35.07,36.74,27.44,0.00,0.00
2004691041,31.00,42.00,4.83,35.07,36.74,27.442004691042,31.00,42.00,4.83,35.03,36.74,27.50,0.00,0.00
2004691047,31.00,42.00,4.82,35.03,36.74,27.50,0.00,0.00
2004691052,31.00,42.00,4.85,35.03,36.74,27.50,0.00,0.00
2004691057,31.00,42.00,4.83,40.71,42.68,27.50,0.00,0.00
2004691062,30.00,42.00,4.87,40.71,42.68,27.50,0.00,0.00
2004691067,30.00,42.00,5.75,40.71,42.68,27.50,0.00,0.00
2004691072,30.00,42.00,4.87,33.12,34.74,27.50,0.00,0.00
2004691077,30.00,42.00,4.83,33.16,34.74,27.44,0.00,0.00
2004691082,30.00,42.00,4.82,31.25,32.74,27.44,0.00,0.00
2004691087,30.00,42.00,4.82,31.25,32.74,27.44,0.00,0.00
2004691092,30.00,42.00,4.82,33.16,34.74,27.44,0.00,0.00
2004691097,30.00,42.00,4.82,33.16,34.74,27.44,0.00,0.00
2004691102,30.00,43.00,4.82,33.16,34.74,27.44,0.00,0.00
2004691107,30.00,43.00,4.82,33.16,34.74,27.442004691108,30.00,43.00,4.82,33.16,34.74,27.44,0.00,0.00
2004691113,30.00,43.00,4.82,33.16,34.74,27.44,0.00,0.00
2004691118,29.00,43.00,4.81,33.12,34.74,27.50,0.00,0.00
2004691123,29.00,43.00,4.81,36.92,38.72,27.50,0.00,0.00
2004691128,28.00,42.00,4.82,38.82,40.71,27.50,0.00,0.00
2004691133,28.00,42.00,4.82,40.66,42.68,27.56,0.00,0.00
2004691138,30.00,42.00,4.82,42.59,44.66,27.50,0.00,0.00
2004691143,29.00,42.00,4.82,42.59,44.66,27.50,0.00,0.00
2004691148,30.00,41.00,4.82,44.42,46.63,27.56,0.00,0.00
2004691153,29.00,41.00,4.83,46.34,48.59,27.50,0.00,0.00
2004691158,31.00,41.00,4.83,46.34,48.59,27.50,0.00,0.00
2004691163,31.00,41.00,4.82,46.40,48.59,27.44,0.00,0.00
2004691168,31.00,40.00,4.83,48.27,50.55,27.44,0.00,0.00
2004691173,31.00,40.00,4.83,48.33,50.55,27.38,0.00,0.00
2004691178,32.00,40.00,4.84,48.33,50.55,27.38,0.00,0.00
2004691183,33.00,40.00,4.84,33.20,34.74,27.38,0.00,0.00
2004691188,34.00,40.00,4.84,33.20,34.74,27.38,0.00,0.00
2004691193,34.00,40.00,4.84,37.01,38.72,27.38,0.00,0.00
2004691198,34.00,40.00,4.85,37.05,38.72,27.31,0.00,0.00
2004691203,34.00,39.00,4.85,29.41,30.74,27.31,0.00,0.00
2004691208,34.00,39.00,4.86,29.41,30.74,27.31,0.00,0.00
2004691213,34.00,39.00,4.86,50.25,52.50,27.31,0.00,0.00
2004691218,34.00,39.00,4.86,46.51,48.59,27.31,0.00,0.00
2004691223,34.00,39.00,4.86,48.38,50.55,27.31,0.00,0.00
2004691228,35.00,39.00,4.86,50.25,52.50,27.31,0.00,0.00
2004691233,35.00,39.00,4.86,50.25,52.50,27.31,0.00,0.00
2004691238,35.00,39.00,4.86,50.31,52.50,27.252004691239,35.00,39.00,4.86,50.31,52.50,27.25,0.00,0.00
2004691244,36.00,39.00,4.87,50.31,52.50,27.25,0.00,0.00
2004691249,36.00,39.00,4.87,50.31,52.50,27.25,0.00,0.00
2004691253,36.00,39.00,4.87,50.31,52.50,27.25,0.00,0.00
2004691258,36.00,39.00,4.87,50.31,52.50,27.25,0.00,0.00
2004691263,36.00,39.00,4.88,50.25,52.50,27.31,0.00,0.00
2004691268,36.00,39.00,4.88,50.25,52.50,27.31,0.00,0.00
2004691273,35.00,39.00,4.87,50.25,52.50,27.31,0.00,0.00
2004691278,35.00,39.00,4.88,50.25,52.50,27.31,0.00,0.00
2004691283,35.00,39.00,4.88,50.25,52.50,27.31,0.00,0.00
2004691288,36.00,39.00,4.88,50.20,52.50,27.38,0.00,0.00
2004691293,35.00,39.00,4.88,50.20,52.50,27.38,0.00,0.00
2004691298,35.00,39.00,4.88,50.20,52.50,27.38,0.00,0.00
2004691303,35.00,39.00,4.89,50.20,52.50,27.38,0.00,0.00
2004691304,35.00,39.00,4.89,50.20,52.50,27.38,0.00,0.00
2004691309,35.00,39.00,4.88,50.14,52.50,27.44,0.00,0.00
2004691314,35.00,40.00,4.88,50.14,52.50,27.44,0.00,0.00
2004691319,34.00,40.00,4.88,50.14,52.50,27.44,0.00,0.00
2004691324,35.00,40.00,4.88,50.08,52.50,27.50,0.00,0.00
2004691329,34.00,40.00,4.88,50.08,52.50,27.50,0.00,0.00
2004691334,34.00,40.00,4.88,50.02,52.50,27.56,0.00,0.00
2004691340,34.00,40.00,4.88,50.02,52.50,27.56,0.00,0.00
2004691345,34.00,40.00,4.87,50.02,52.50,27.56,0.00,0.00
2004691350,33.00,40.00,4.87,46.29,48.59,27.56,0.00,0.00
2004691355,33.00,40.00,4.86,50.02,52.50,27.56,0.00,0.00
2004691360,33.00,40.00,4.86,19.62,20.64,27.63,0.00,0.00
2004691365,33.00,40.00,4.86,9.88,10.39,27.63,0.00,0.00
2004691370,33.00,40.00,4.86,1.99,2.09,27.632004691370,33.00,40.00,4.86,1.99,2.09,27.63,0.00,0.00
2004691375,34.00,40.00,4.85,17.68,18.60,27.63,0.00,0.00
2004691380,34.00,40.00,4.85,25.37,26.71,27.69,0.00,0.00
2004691385,35.00,39.00,4.84,23.45,24.69,27.69,0.00,0.00
2004691390,35.00,39.00,4.84,21.53,22.67,27.69,0.00,0.00
2004691395,35.00,39.00,4.84,31.07,32.74,27.75,0.00,0.00
2004691400,36.00,39.00,4.84,17.64,18.60,27.75,0.00,0.00
2004691405,36.00,38.00,4.84,25.34,26.71,27.75,0.00,0.00
2004691410,37.00,38.00,4.84,19.57,20.64,27.75,0.00,0.00
2004691415,39.00,38.00,4.84,15.70,16.55,27.75,0.00,0.00
2004691420,39.00,38.00,4.84,25.34,26.71,27.75,0.00,0.00
2004691425,40.00,38.00,4.84,29.17,30.74,27.75,0.00,0.00
2004691430,39.00,37.00,4.84,51.64,54.45,27.81,0.00,0.00
2004691435,41.00,37.00,4.84,53.49,56.39,27.81,0.00,0.00
2004691440,41.00,37.00,4.84,53.55,56.39,27.75,0.00,0.00
2004691445,41.00,37.00,4.83,51.70,54.45,27.75,0.00,0.00
2004691450,41.00,37.00,4.84,51.70,54.45,27.75,0.00,0.00
2004691455,42.00,37.00,4.84,51.70,54.45,27.75,0.00,0.00
2004691460,41.00,37.00,4.83,38.59,40.71,27.81,0.00,0.00
2004691465,42.00,37.00,4.83,47.88,50.55,27.88,0.00,0.00
2004691470,43.00,37.00,4.83,48.05,50.55,27.69,0.00,0.00
2004691475,43.00,37.00,4.82,23.51,24.69,27.56,0.00,0.00
2004691480,44.00,37.00,4.82,31.22,32.74,27.50,0.00,0.00
2004691485,44.00,37.00,4.82,21.63,22.67,27.44,0.00,0.00
2004691490,45.00,37.00,4.82,25.49,26.71,27.44,0.00,0.00
2004691495,45.00,37.00,4.83,23.56,24.69,27.44,0.00,0.00
2004691500,44.00,37.00,4.83,21.63,22.67,27.442004691501,44.00,37.00,4.83,21.63,22.67,27.44,0.00,0.00
2004691506,44.00,37.00,4.83,27.42,28.73,27.44,0.00,0.00
2004691511,43.00,37.00,4.83,21.63,22.67,27.44,0.00,0.00
2004691515,44.00,37.00,4.83,27.42,28.73,27.44,0.00,0.00
2004691520,44.00,37.00,4.84,29.34,30.74,27.44,0.00,0.00
2004691525,44.00,37.00,4.84,15.77,16.55,27.50,0.00,0.00
2004691530,43.00,37.00,4.84,31.22,32.74,27.50,0.00,0.00
2004691535,43.00,38.00,4.84,25.46,26.71,27.50,0.00,0.00
2004691540,43.00,38.00,4.84,46.34,48.59,27.50,0.00,0.00
2004691545,42.00,38.00,4.84,33.12,34.74,27.50,0.00,0.00
2004691550,40.00,38.00,4.85,36.92,38.72,27.50,0.00,0.00
2004691555,40.00,38.00,4.86,44.47,46.63,27.50,0.00,0.00
2004691560,40.00,38.00,4.87,21.60,22.67,27.50,0.00,0.00
2004691565,40.00,39.00,4.86,44.42,46.63,27.56,0.00,0.00
2004691567,40.00,39.00,4.87,34.99,36.74,27.56,0.00,0.00
2004691572,40.00,39.00,4.86,44.42,46.63,27.56,0.00,0.00
2004691577,39.00,39.00,4.86,25.43,26.71,27.56,0.00,0.00
2004691582,38.00,39.00,4.86,27.35,28.73,27.56,0.00,0.00
2004691587,38.00,39.00,4.87,21.58,22.67,27.56,0.00,0.00
2004691592,38.00,39.00,4.87,38.77,40.71,27.56,0.00,0.00
2004691597,38.00,40.00,4.87,36.88,38.72,27.56,0.00,0.00
2004691602,38.00,40.00,4.87,34.99,36.74,27.56,0.00,0.00
2004691607,37.00,40.00,4.87,27.32,28.73,27.63,0.00,0.00
2004691612,37.00,40.00,4.86,25.40,26.71,27.63,0.00,0.00
2004691617,37.00,40.00,4.87,31.14,32.74,27.63,0.00,0.00
2004691622,36.00,40.00,4.87,40.61,42.68,27.63,0.00,0.00
2004691627,36.00,40.00,4.87,31.14,32.74,27.63,0.00,0.00
2004691632,36.00,40.00,4.86,31.11,32.74,27.692004691633,36.00,40.00,4.87,31.11,32.74,27.69,0.00,0.00
2004691638,36.00,40.00,4.87,15.72,16.55,27.69,0.00,0.00
2004691643,36.00,41.00,4.87,17.66,18.60,27.69,0.00,0.00
2004691648,36.00,41.00,4.88,21.53,22.67,27.69,0.00,0.00
2004691653,36.00,41.00,4.88,21.53,22.67,27.69,0.00,0.00
2004691658,35.00,41.00,4.88,19.62,20.64,27.63,0.00,0.00
2004691663,35.00,41.00,4.88,17.68,18.60,27.63,0.00,0.00
2004691668,35.00,41.00,4.89,15.76,16.55,27.56,0.00,0.00
2004691673,35.00,41.00,4.91,25.43,26.71,27.56,0.00,0.00
2004691678,35.00,41.00,4.92,17.70,18.60,27.56,0.00,0.00
2004691683,35.00,41.00,4.92,17.70,18.60,27.56,0.00,0.00
2004691688,35.00,41.00,4.92,23.51,24.69,27.56,0.00,0.00
2004691693,35.00,41.00,4.92,23.51,24.69,27.56,0.00,0.00
2004691698,34.00,41.00,4.92,25.43,26.71,27.56,0.00,0.00
2004691703,34.00,41.00,4.92,19.67,20.64,27.50,0.00,0.00
2004691708,34.00,42.00,4.92,23.56,24.69,27.44,0.00,0.00
2004691713,34.00,42.00,4.91,42.69,44.66,27.38,0.00,0.00
2004691718,34.00,42.00,4.91,42.69,44.66,27.38,0.00,0.00
2004691723,34.00,42.00,4.91,31.29,32.74,27.38,0.00,0.00
2004691728,34.00,42.00,4.92,21.65,22.67,27.38,0.00,0.00
2004691733,33.00,42.00,4.92,25.55,26.71,27.31,0.00,0.00
2004691738,33.00,42.00,4.92,23.62,24.69,27.31,0.00,0.00
2004691743,33.00,42.00,4.92,21.68,22.67,27.31,0.00,0.00
2004691748,33.00,42.00,4.91,23.62,24.69,27.31,0.00,0.00
2004691753,32.00,42.00,4.90,23.65,24.69,27.25,0.00,0.00
2004691758,32.00,42.00,4.90,21.68,22.67,27.31,0.00,0.00
2004691763,32.00,43.00,4.91,19.74,20.64,27.312004691764,32.00,43.00,4.91,19.74,20.64,27.31,0.00,0.00
2004691769,32.00,43.00,4.91,23.62,24.69,27.31,0.00,0.00
2004691774,32.00,43.00,4.90,25.55,26.71,27.31,0.00,0.00
2004691779,32.00,43.00,4.91,17.76,18.60,27.38,0.00,0.00
2004691784,32.00,43.00,4.91,25.52,26.71,27.38,0.00,0.00
2004691789,31.00,43.00,4.91,25.52,26.71,27.38,0.00,0.00
2004691794,31.00,43.00,4.90,21.65,22.67,27.38,0.00,0.00
2004691799,31.00,43.00,4.90,19.71,20.64,27.38,0.00,0.00
2004691804,31.00,43.00,4.90,25.52,26.71,27.38,0.00,0.00
2004691809,31.00,43.00,4.90,23.59,24.69,27.38,0.00,0.00
2004691814,30.00,43.00,4.89,23.59,24.69,27.38,0.00,0.00
2004691819,30.00,43.00,4.90,21.63,22.67,27.44,0.00,0.00
2004691824,30.00,43.00,4.90,23.56,24.69,27.44,0.00,0.00
2004691829,30.00,43.00,4.89,29.34,30.74,27.442004691830,30.00,43.00,4.89,29.34,30.74,27.44,0.00,0.00
2004691835,30.00,43.00,4.89,27.42,28.73,27.44,0.00,0.00
2004691840,30.00,43.00,4.89,25.49,26.71,27.44,0.00,0.00
2004691845,30.00,43.00,4.88,21.63,22.67,27.44,0.00,0.00
2004691850,29.00,43.00,4.87,27.42,28.73,27.44,0.00,0.00
2004691855,29.00,43.00,4.87,31.25,32.74,27.44,0.00,0.00
2004691860,30.00,43.00,4.87,27.42,28.73,27.44,0.00,0.00
2004691865,30.00,43.00,4.86,33.12,34.74,27.50,0.00,0.00
2004691870,31.00,42.00,4.86,27.39,28.73,27.50,0.00,0.00
2004691875,32.00,42.00,4.86,19.67,20.64,27.50,0.00,0.00
2004691880,32.00,42.00,4.87,27.42,28.73,27.44,0.00,0.00
2004691885,32.00,42.00,4.86,29.34,30.74,27.44,0.00,0.00
2004691890,32.00,42.00,4.86,29.34,30.74,27.44,0.00,0.00
2004691895,32.00,42.00,4.86,27.42,28.73,27.442004691895,32.00,42.00,4.86,27.42,28.73,27.44,0.00,0.00
2004691900,32.00,42.00,4.85,23.56,24.69,27.44,0.00,0.00
2004691905,32.00,42.00,4.85,21.63,22.67,27.44,0.00,0.00
2004691910,33.00,42.00,4.85,27.42,28.73,27.44,0.00,0.00
2004691915,34.00,41.00,4.85,25.49,26.71,27.44,0.00,0.00
2004691920,34.00,41.00,4.84,23.54,24.69,27.50,0.00,0.00
2004691925,34.00,41.00,4.84,17.74,18.60,27.44,0.00,0.00
2004691930,34.00,41.00,4.84,21.60,22.67,27.50,0.00,0.00
2004691935,35.00,41.00,4.84,27.39,28.73,27.50,0.00,0.00
2004691940,35.00,41.00,4.83,29.27,30.74,27.56,0.00,0.00
2004691945,35.00,41.00,4.83,25.43,26.71,27.56,0.00,0.00
2004691950,36.00,40.00,4.83,36.84,38.72,27.63,0.00,0.00
2004691955,36.00,40.00,4.83,31.14,32.74,27.63,0.00,0.00
2004691960,37.00,40.00,4.83,31.14,32.74,27.63,0.00,0.00
2004691965,37.00,40.00,4.83,31.14,32.74,27.63,0.00,0.00
2004691970,37.00,39.00,4.83,25.40,26.71,27.63,0.00,0.00
2004691975,37.00,39.00,4.83,25.40,26.71,27.63,0.00,0.00
2004691980,38.00,39.00,4.83,25.40,26.71,27.63,0.00,0.00
2004691985,39.00,39.00,4.83,29.24,30.74,27.63,0.00,0.00
2004691990,39.00,39.00,4.83,29.24,30.74,27.63,0.00,0.00
2004691995,40.00,39.00,4.83,15.74,16.55,27.63,0.00,0.00
2004692000,40.00,38.00,4.83,17.68,18.60,27.63,0.00,0.00
2004692005,41.00,38.00,4.83,31.14,32.74,27.63,0.00,0.00
2004692010,41.00,38.00,4.83,27.29,28.73,27.69,0.00,0.00
2004692015,42.00,38.00,4.83,21.53,22.67,27.69,0.00,0.00
2004692020,42.00,38.00,4.83,19.60,20.64,27.69,0.00,0.00
2004692025,42.00,38.00,4.83,25.37,26.71,27.692004692026,42.00,38.00,4.83,25.37,26.71,27.69,0.00,0.00
2004692031,42.00,38.00,4.84,27.29,28.73,27.69,0.00,0.00
2004692036,43.00,38.00,4.84,19.60,20.64,27.69,0.00,0.00
2004692041,43.00,38.00,4.84,42.44,44.66,27.69,0.00,0.00
2004692046,44.00,38.00,4.83,48.05,50.55,27.69,0.00,0.00
2004692051,43.00,38.00,4.84,33.01,34.74,27.69,0.00,0.00
2004692056,43.00,38.00,4.84,27.29,28.73,27.69,0.00,0.00
2004692061,43.00,38.00,4.84,36.75,38.72,27.75,0.00,0.00
2004692066,42.00,38.00,4.84,13.76,14.51,27.75,0.00,0.00
2004692071,42.00,38.00,4.84,34.86,36.74,27.75,0.00,0.00
2004692076,42.00,38.00,4.84,27.26,28.73,27.75,0.00,0.00
2004692081,42.00,38.00,4.84,31.07,32.74,27.75,0.00,0.00
2004692086,42.00,38.00,4.84,29.17,30.74,27.75,0.00,0.00
2004692091,42.00,38.00,4.84,34.82,36.74,27.812004692092,42.00,38.00,4.84,34.82,36.74,27.81,0.00,0.00
2004692097,42.00,38.00,4.84,25.32,26.71,27.81,0.00,0.00
2004692102,43.00,38.00,4.84,29.13,30.74,27.81,0.00,0.00
2004692107,43.00,39.00,4.84,36.71,38.72,27.81,0.00,0.00
2004692112,43.00,39.00,4.84,47.94,50.55,27.81,0.00,0.00
2004692117,43.00,39.00,4.84,47.88,50.55,27.88,0.00,0.00
2004692122,43.00,39.00,4.84,47.88,50.55,27.88,0.00,0.00
2004692127,43.00,39.00,4.84,38.55,40.71,27.88,0.00,0.00
2004692132,43.00,39.00,4.84,31.00,32.74,27.88,0.00,0.00
2004692137,43.00,38.00,4.84,27.20,28.73,27.88,0.00,0.00
2004692142,43.00,39.00,4.84,31.00,32.74,27.88,0.00,0.00
2004692147,43.00,39.00,4.84,31.00,32.74,27.88,0.00,0.00
2004692152,43.00,39.00,4.84,34.78,36.74,27.88,0.00,0.00
2004692157,43.00,39.00,4.84,29.10,30.74,27.882004692158,43.00,39.00,4.84,29.10,30.74,27.88,0.00,0.00
2004692163,43.00,39.00,4.84,27.20,28.73,27.88,0.00,0.00
2004692168,43.00,39.00,4.84,27.20,28.73,27.88,0.00,0.00
2004692173,43.00,39.00,4.84,29.07,30.74,27.94,0.00,0.00
2004692178,43.00,39.00,4.84,36.63,38.72,27.94,0.00,0.00
2004692183,43.00,39.00,4.86,38.51,40.71,27.94,0.00,0.00
2004692188,43.00,39.00,4.86,30.96,32.74,27.94,0.00,0.00
2004692193,43.00,39.00,4.86,38.51,40.71,27.94,0.00,0.00
2004692198,42.00,39.00,4.85,40.38,42.68,27.94,0.00,0.00
2004692203,42.00,39.00,4.86,38.46,40.71,28.00,0.00,0.00
2004692208,41.00,40.00,4.86,29.03,30.74,28.00,0.00,0.00
2004692213,41.00,40.00,4.85,29.03,30.74,28.00,0.00,0.00
2004692218,41.00,40.00,4.85,30.93,32.74,28.00,0.00,0.00
2004692223,40.00,40.00,4.85,25.23,26.71,28.00,0.00,0.00
2004692228,40.00,40.00,4.85,30.93,32.74,28.00,0.00,0.00
2004692233,39.00,41.00,4.85,19.48,20.64,28.00,0.00,0.00
2004692238,39.00,41.00,4.84,19.46,20.64,28.06,0.00,0.00
2004692243,39.00,41.00,4.85,25.20,26.71,28.06,0.00,0.00
2004692248,38.00,41.00,4.85,17.54,18.60,28.06,0.00,0.00
2004692253,37.00,41.00,4.84,19.46,20.64,28.06,0.00,0.00
2004692258,37.00,42.00,4.84,17.54,18.60,28.06,0.00,0.00
2004692263,37.00,42.00,4.84,13.69,14.51,28.00,0.00,0.00
2004692268,36.00,42.00,4.84,15.63,16.55,28.00,0.00,0.00
2004692273,36.00,42.00,4.85,13.69,14.51,28.00,0.00,0.00
2004692278,35.00,42.00,4.85,11.75,12.45,28.00,0.00,0.00
2004692283,35.00,43.00,4.85,11.75,12.45,28.00,0.00,0.00
2004692288,35.00,43.00,4.85,17.58,18.60,27.942004692289,35.00,43.00,4.85,17.56,18.60,28.00,0.00,0.00
2004692294,34.00,43.00,4.85,13.71,14.51,27.94,0.00,0.00
2004692298,34.00,43.00,4.85,17.58,18.60,27.94,0.00,0.00
2004692303,33.00,43.00,4.84,17.58,18.60,27.94,0.00,0.00
2004692308,33.00,44.00,4.84,25.26,26.71,27.94,0.00,0.00
2004692313,32.00,44.00,4.85,23.34,24.69,27.94,0.00,0.00
2004692318,31.00,44.00,4.85,25.26,26.71,27.94,0.00,0.00
2004692323,31.00,44.00,4.84,15.66,16.55,27.88,0.00,0.00
2004692328,31.00,45.00,4.85,11.78,12.45,27.88,0.00,0.00
2004692333,30.00,45.00,4.85,13.72,14.51,27.88,0.00,0.00
2004692338,30.00,45.00,4.86,17.60,18.60,27.88,0.00,0.00
2004692343,30.00,45.00,4.86,15.66,16.55,27.88,0.00,0.00
2004692348,29.00,45.00,4.86,17.60,18.60,27.88,0.00,0.00
2004692353,28.00,45.00,4.86,17.60,18.60,27.88,0.00,0.00
2004692355,28.00,45.00,4.86,13.72,14.51,27.88,0.00,0.00
2004692360,28.00,46.00,4.86,13.72,14.51,27.88,0.00,0.00
2004692365,27.00,46.00,4.86,15.68,16.55,27.81,0.00,0.00
2004692370,27.00,46.00,4.86,15.68,16.55,27.81,0.00,0.00
2004692375,26.00,46.00,4.86,15.68,16.55,27.81,0.00,0.00
2004692380,26.00,46.00,4.86,21.48,22.67,27.81,0.00,0.00
2004692385,25.00,46.00,4.86,21.48,22.67,27.81,0.00,0.00
2004692390,25.00,47.00,4.86,13.76,14.51,27.75,0.00,0.00
2004692395,25.00,47.00,4.86,13.76,14.51,27.75,0.00,0.00
2004692400,24.00,47.00,4.86,13.76,14.51,27.75,0.00,0.00
2004692405,23.00,47.00,4.87,15.70,16.55,27.75,0.00,0.00
2004692410,23.00,47.00,4.87,15.70,16.55,27.75,0.00,0.00
2004692415,22.00,47.00,4.87,13.76,14.51,27.75,0.00,0.00
2004692420,22.00,47.00,4.87,11.81,12.45,27.752004692420,22.00,47.00,4.87,11.79,12.45,27.81,0.00,0.00
2004692426,22.00,48.00,4.87,11.81,12.45,27.75,0.00,0.00
2004692431,21.00,48.00,4.87,11.81,12.45,27.75,0.00,0.00
2004692436,21.00,48.00,4.87,13.74,14.51,27.81,0.00,0.00
2004692441,21.00,48.00,4.87,17.62,18.60,27.81,0.00,0.00
2004692446,20.00,48.00,4.87,9.84,10.39,27.81,0.00,0.00
2004692451,20.00,48.00,4.86,17.62,18.60,27.81,0.00,0.00
2004692456,20.00,48.00,4.86,17.62,18.60,27.81,0.00,0.00
2004692461,20.00,49.00,4.86,17.62,18.60,27.81,0.00,0.00
2004692466,20.00,49.00,4.87,13.74,14.51,27.81,0.00,0.00
2004692471,20.00,49.00,4.87,11.79,12.45,27.81,0.00,0.00
2004692476,19.00,49.00,4.86,11.79,12.45,27.81,0.00,0.00
2004692481,19.00,49.00,4.86,9.83,10.39,27.88,0.00,0.00
2004692485,19.00,49.00,4.86,9.83,10.39,27.88,0.00,0.00
2004692490,19.00,49.00,4.86,7.87,8.32,27.88,0.00,0.00
2004692495,18.00,50.00,4.86,9.83,10.39,27.88,0.00,0.00
2004692500,18.00,50.00,4.86,9.83,10.39,27.88,0.00,0.00
2004692505,18.00,50.00,4.86,9.83,10.39,27.88,0.00,0.00
2004692510,18.00,50.00,4.86,11.78,12.45,27.88,0.00,0.00
2004692515,18.00,50.00,4.86,9.83,10.39,27.88,0.00,0.00
2004692520,18.00,50.00,4.86,11.78,12.45,27.88,0.00,0.00
2004692525,17.00,50.00,4.86,9.83,10.39,27.88,0.00,0.00
2004692531,17.00,50.00,4.86,9.84,10.39,27.81,0.00,0.00
2004692536,17.00,51.00,4.85,9.84,10.39,27.81,0.00,0.00
2004692541,17.00,51.00,4.86,9.84,10.39,27.81,0.00,0.00
2004692546,17.00,51.00,4.86,9.84,10.39,27.81,0.00,0.00
2004692551,17.00,51.00,4.85,11.79,12.45,27.812004692551,17.00,51.00,4.85,11.79,12.45,27.81,0.00,0.00
2004692556,17.00,51.00,4.86,9.84,10.39,27.81,0.00,0.00
2004692561,17.00,51.00,4.86,9.84,10.39,27.81,0.00,0.00
2004692566,16.00,51.00,4.86,9.84,10.39,27.81,0.00,0.00
2004692571,16.00,51.00,4.85,7.88,8.32,27.81,0.00,0.00
2004692576,16.00,52.00,4.86,7.89,8.32,27.75,0.00,0.00
2004692581,16.00,52.00,4.86,9.85,10.39,27.75,0.00,0.00
2004692586,16.00,52.00,4.86,7.88,8.32,27.81,0.00,0.00
2004692591,16.00,52.00,4.86,7.88,8.32,27.81,0.00,0.00
2004692596,16.00,52.00,4.86,7.88,8.32,27.81,0.00,0.00
2004692601,16.00,52.00,4.86,5.92,6.25,27.81,0.00,0.00
2004692606,16.00,52.00,4.86,9.84,10.39,27.81,0.00,0.00
2004692611,16.00,52.00,4.86,7.88,8.32,27.81,0.00,0.00
2004692616,16.00,52.00,4.86,7.88,8.32,27.812004692617,16.00,52.00,4.86,7.87,8.32,27.88,0.00,0.00
2004692622,16.00,52.00,4.86,9.83,10.39,27.88,0.00,0.00
2004692627,16.00,52.00,4.87,11.78,12.45,27.88,0.00,0.00
2004692632,16.00,52.00,4.86,11.77,12.45,27.94,0.00,0.00
2004692637,16.00,52.00,4.87,9.82,10.39,27.94,0.00,0.00
2004692642,16.00,52.00,4.87,9.82,10.39,27.94,0.00,0.00
2004692647,16.00,52.00,4.87,7.87,8.32,27.94,0.00,0.00
2004692652,16.00,52.00,4.87,11.77,12.45,27.94,0.00,0.00
2004692657,16.00,52.00,4.87,9.82,10.39,27.94,0.00,0.00
2004692662,16.00,52.00,4.87,9.82,10.39,27.94,0.00,0.00
2004692667,16.00,52.00,4.87,11.78,12.45,27.88,0.00,0.00
2004692672,16.00,51.00,4.87,11.78,12.45,27.88,0.00,0.00
2004692677,16.00,51.00,4.87,9.83,10.39,27.88,0.00,0.00
2004692682,16.00,51.00,4.87,11.78,12.45,27.882004692683,16.00,51.00,4.87,11.78,12.45,27.88,0.00,0.00
2004692688,16.00,51.00,4.87,9.83,10.39,27.88,0.00,0.00
2004692693,16.00,51.00,4.87,7.87,8.32,27.88,0.00,0.00
2004692698,16.00,51.00,4.87,9.84,10.39,27.81,0.00,0.00
2004692703,16.00,51.00,4.87,9.84,10.39,27.81,0.00,0.00
2004692708,16.00,51.00,4.87,9.84,10.39,27.81,0.00,0.00
2004692713,16.00,51.00,4.87,11.79,12.45,27.81,0.00,0.00
2004692718,16.00,51.00,4.87,11.79,12.45,27.81,0.00,0.00
2004692723,16.00,51.00,4.87,11.79,12.45,27.81,0.00,0.00
2004692728,16.00,51.00,4.87,11.79,12.45,27.81,0.00,0.00
2004692733,16.00,51.00,4.86,17.62,18.60,27.81,0.00,0.00
2004692738,16.00,51.00,4.86,11.79,12.45,27.81,0.00,0.00
2004692743,16.00,51.00,4.87,11.79,12.45,27.81,0.00,0.00
2004692748,16.00,51.00,4.86,11.79,12.45,27.81,0.00,0.00
2004692753,16.00,51.00,4.86,9.84,10.39,27.81,0.00,0.00
2004692758,16.00,51.00,4.86,9.84,10.39,27.81,0.00,0.00
2004692763,16.00,51.00,4.86,9.84,10.39,27.81,0.00,0.00
2004692768,16.00,51.00,4.86,9.83,10.39,27.88,0.00,0.00
2004692773,17.00,51.00,4.86,15.68,16.55,27.81,0.00,0.00
2004692778,16.00,51.00,4.87,11.79,12.45,27.81,0.00,0.00
2004692783,16.00,51.00,4.87,11.79,12.45,27.81,0.00,0.00
2004692788,16.00,51.00,4.87,11.79,12.45,27.81,0.00,0.00
2004692793,17.00,51.00,4.86,7.89,8.32,27.75,0.00,0.00
2004692798,17.00,51.00,4.87,7.89,8.32,27.75,0.00,0.00
2004692803,17.00,51.00,4.87,11.81,12.45,27.75,0.00,0.00
2004692808,17.00,51.00,4.87,9.86,10.39,27.69,0.00,0.00
2004692813,17.00,51.00,4.87,9.86,10.39,27.692004692814,17.00,51.00,4.87,9.86,10.39,27.69,0.00,0.00
2004692819,17.00,51.00,4.87,9.86,10.39,27.69,0.00,0.00
2004692824,17.00,51.00,4.87,9.86,10.39,27.69,0.00,0.00
2004692829,17.00,51.00,4.87,11.82,12.45,27.69,0.00,0.00
2004692834,17.00,51.00,4.87,11.82,12.45,27.69,0.00,0.00
2004692839,17.00,51.00,4.87,11.82,12.45,27.69,0.00,0.00
2004692844,17.00,51.00,4.87,13.77,14.51,27.69,0.00,0.00
2004692849,17.00,51.00,4.87,9.88,10.39,27.63,0.00,0.00
2004692854,16.00,51.00,4.86,15.72,16.55,27.69,0.00,0.00
2004692859,16.00,51.00,4.86,5.93,6.25,27.69,0.00,0.00
2004692864,16.00,51.00,4.87,9.88,10.39,27.63,0.00,0.00
2004692869,16.00,51.00,4.86,15.74,16.55,27.63,0.00,0.00
2004692874,15.00,51.00,4.86,9.88,10.39,27.63,0.00,0.00
2004692879,13.00,51.00,4.86,11.84,12.45,27.632004692880,13.00,51.00,4.86,11.84,12.45,27.63,0.00,0.00
2004692885,13.00,51.00,4.86,11.84,12.45,27.63,0.00,0.00
2004692890,12.00,51.00,4.86,9.88,10.39,27.63,0.00,0.00
2004692895,12.00,51.00,4.86,17.68,18.60,27.63,0.00,0.00
2004692900,12.00,51.00,4.86,15.74,16.55,27.63,0.00,0.00
2004692905,12.00,51.00,4.86,11.82,12.45,27.69,0.00,0.00
2004692910,12.00,51.00,4.86,11.82,12.45,27.69,0.00,0.00
2004692915,12.00,51.00,4.86,11.84,12.45,27.63,0.00,0.00
2004692920,13.00,51.00,4.86,11.84,12.45,27.63,0.00,0.00
2004692925,13.00,51.00,4.86,17.66,18.60,27.69,0.00,0.00
2004692930,13.00,51.00,4.86,19.60,20.64,27.69,0.00,0.00
2004692935,13.00,51.00,4.86,9.86,10.39,27.69,0.00,0.00
2004692940,13.00,51.00,4.86,5.93,6.25,27.69,0.00,0.00
2004692945,13.00,51.00,4.86,9.85,10.39,27.752004692946,13.00,51.00,4.86,9.85,10.39,27.75,0.00,0.00
2004692951,13.00,51.00,4.86,9.86,10.39,27.69,0.00,0.00
2004692956,13.00,51.00,4.86,3.96,4.17,27.69,0.00,0.00
2004692961,13.00,51.00,4.85,9.86,10.39,27.69,0.00,0.00
2004692966,13.00,51.00,4.85,9.86,10.39,27.69,0.00,0.00
2004692971,13.00,51.00,4.86,5.93,6.25,27.69,0.00,0.00
2004692976,13.00,51.00,4.86,9.86,10.39,27.69,0.00,0.00
2004692981,13.00,51.00,4.86,15.72,16.55,27.69,0.00,0.00
2004692986,13.00,52.00,4.86,13.77,14.51,27.69,0.00,0.00
2004692991,13.00,52.00,4.86,9.88,10.39,27.63,0.00,0.00
2004692996,13.00,52.00,4.86,9.86,10.39,27.69,0.00,0.00
2004693001,13.00,52.00,4.85,5.93,6.25,27.69,0.00,0.00
2004693006,13.00,52.00,4.85,9.86,10.39,27.69,0.00,0.00
2004693011,13.00,52.00,4.85,9.86,10.39,27.69,0.00,0.00
2004693016,13.00,52.00,4.85,7.90,8.32,27.69,0.00,0.00
2004693021,13.00,52.00,4.85,9.86,10.39,27.69,0.00,0.00
2004693026,13.00,52.00,4.85,9.86,10.39,27.69,0.00,0.00
2004693031,13.00,52.00,4.85,7.90,8.32,27.69,0.00,0.00
2004693036,13.00,52.00,4.85,7.89,8.32,27.75,0.00,0.00
2004693041,13.00,53.00,4.85,7.88,8.32,27.81,0.00,0.00
2004693046,13.00,53.00,4.85,5.92,6.25,27.81,0.00,0.00
2004693051,13.00,53.00,4.85,7.88,8.32,27.81,0.00,0.00
2004693056,13.00,53.00,4.85,5.91,6.25,27.88,0.00,0.00
2004693061,12.00,53.00,4.85,7.87,8.32,27.88,0.00,0.00
2004693066,12.00,54.00,4.85,7.87,8.32,27.88,0.00,0.00
2004693071,12.00,54.00,4.85,5.91,6.25,27.88,0.00,0.00
2004693076,12.00,54.00,4.87,9.84,10.39,27.812004693076,12.00,54.00,4.87,9.84,10.39,27.81,0.00,0.00
2004693081,11.00,54.00,4.87,9.82,10.39,27.94,0.00,0.00
2004693086,11.00,54.00,4.87,9.82,10.39,27.94,0.00,0.00
2004693091,11.00,54.00,4.86,9.83,10.39,27.88,0.00,0.00
2004693096,11.00,54.00,4.86,11.77,12.45,27.94,0.00,0.00
2004693101,10.00,54.00,4.86,11.75,12.45,28.00,0.00,0.00
2004693106,10.00,54.00,4.86,11.77,12.45,27.94,0.00,0.00
2004693111,10.00,54.00,4.86,11.78,12.45,27.88,0.00,0.00
2004693116,10.00,54.00,4.86,15.68,16.55,27.81,0.00,0.00
2004693121,10.00,54.00,4.85,15.70,16.55,27.75,0.00,0.00
2004693126,10.00,54.00,4.85,17.64,18.60,27.75,0.00,0.00
2004693131,10.00,54.00,4.85,17.62,18.60,27.81,0.00,0.00
2004693136,10.00,54.00,4.88,17.56,18.60,28.00,0.00,0.00
2004693141,10.00,54.00,4.90,17.56,18.60,28.00,0.00,0.00
2004693142,10.00,54.00,4.89,17.58,18.60,27.94,0.00,0.00
2004693147,10.00,54.00,4.86,17.62,18.60,27.81,0.00,0.00
2004693152,10.00,54.00,4.90,19.57,20.64,27.75,0.00,0.00
2004693157,10.00,54.00,4.99,23.43,24.69,27.75,0.00,0.00
2004693162,10.00,54.00,5.43,23.43,24.69,27.75,0.00,0.00
2004693167,11.00,54.00,5.24,23.43,24.69,27.75,0.00,0.00
2004693172,11.00,54.00,5.14,23.45,24.69,27.69,0.00,0.00
2004693177,9.00,54.00,5.09,25.34,26.71,27.75,0.00,0.00
2004693182,8.00,54.00,5.06,5.93,6.25,27.75,0.00,0.00
2004693187,8.00,54.00,5.04,0.00,0.00,27.69,0.00,0.00
